{
  "GMM": {
    "accuracy": 0.6413043478260869,
    "macro_f1": 0.20675675675675675,
    "weighted_f1": 0.6695799059929495,
    "mcc": -0.044847585342325344,
    "kappa": -0.04365761430044679,
    "per_class": {
      "hunger": {
        "precision": 0.8169014084507042,
        "recall": 0.7532467532467533,
        "f1": 0.7837837837837838,
        "support": 77.0
      },
      "belly_pain": {
        "precision": 0.0,
        "recall": 0.0,
        "f1": 0.0,
        "support": 3.0
      },
      "burping": {
        "precision": 0.0,
        "recall": 0.0,
        "f1": 0.0,
        "support": 2.0
      },
      "discomfort": {
        "precision": 0.3333333333333333,
        "recall": 0.2,
        "f1": 0.25,
        "support": 5.0
      },
      "tiredness": {
        "precision": 0.0,
        "recall": 0.0,
        "f1": 0.0,
        "support": 5.0
      }
    },
    "auc_roc": 0.4535932608869455
  },
  "SVM": {
    "accuracy": 0.8152173913043478,
    "macro_f1": 0.2702553485162181,
    "weighted_f1": 0.7831337954211302,
    "mcc": 0.21555944033000937,
    "kappa": 0.20326031584309734,
    "per_class": {
      "hunger": {
        "precision": 0.8690476190476191,
        "recall": 0.948051948051948,
        "f1": 0.906832298136646,
        "support": 77.0
      },
      "belly_pain": {
        "precision": 0.0,
        "recall": 0.0,
        "f1": 0.0,
        "support": 3.0
      },
      "burping": {
        "precision": 0.0,
        "recall": 0.0,
        "f1": 0.0,
        "support": 2.0
      },
      "discomfort": {
        "precision": 0.5,
        "recall": 0.4,
        "f1": 0.4444444444444444,
        "support": 5.0
      },
      "tiredness": {
        "precision": 0.0,
        "recall": 0.0,
        "f1": 0.0,
        "support": 5.0
      }
    },
    "auc_roc": 0.707363148281397
  },
  "HMM": {
    "accuracy": 0.6739130434782609,
    "macro_f1": 0.16209150326797386,
    "weighted_f1": 0.6783177038931515,
    "mcc": -0.07976661434863207,
    "kappa": -0.07938991005084084,
    "per_class": {
      "hunger": {
        "precision": 0.8157894736842105,
        "recall": 0.8051948051948052,
        "f1": 0.8104575163398693,
        "support": 77.0
      },
      "belly_pain": {
        "precision": 0.0,
        "recall": 0.0,
        "f1": 0.0,
        "support": 3.0
      },
      "burping": {
        "precision": 0.0,
        "recall": 0.0,
        "f1": 0.0,
        "support": 2.0
      },
      "discomfort": {
        "precision": 0.0,
        "recall": 0.0,
        "f1": 0.0,
        "support": 5.0
      },
      "tiredness": {
        "precision": 0.0,
        "recall": 0.0,
        "f1": 0.0,
        "support": 5.0
      }
    },
    "auc_roc": null
  },
  "RF": {
    "accuracy": 0.8043478260869565,
    "macro_f1": 0.17939393939393938,
    "weighted_f1": 0.7507246376811594,
    "mcc": 0.012796039801923915,
    "kappa": 0.010161386730424438,
    "per_class": {
      "hunger": {
        "precision": 0.8409090909090909,
        "recall": 0.961038961038961,
        "f1": 0.896969696969697,
        "support": 77.0
      },
      "belly_pain": {
        "precision": 0.0,
        "recall": 0.0,
        "f1": 0.0,
        "support": 3.0
      },
      "burping": {
        "precision": 0.0,
        "recall": 0.0,
        "f1": 0.0,
        "support": 2.0
      },
      "discomfort": {
        "precision": 0.0,
        "recall": 0.0,
        "f1": 0.0,
        "support": 5.0
      },
      "tiredness": {
        "precision": 0.0,
        "recall": 0.0,
        "f1": 0.0,
        "support": 5.0
      }
    },
    "auc_roc": 0.6314892099161762
  },
  "XGBoost": {
    "accuracy": 0.8043478260869565,
    "macro_f1": 0.1783132530120482,
    "weighted_f1": 0.7462022001047669,
    "mcc": -0.04509080331981433,
    "kappa": -0.032418952618453956,
    "per_class": {
      "hunger": {
        "precision": 0.8314606741573034,
        "recall": 0.961038961038961,
        "f1": 0.891566265060241,
        "support": 77.0
      },
      "belly_pain": {
        "precision": 0.0,
        "recall": 0.0,
        "f1": 0.0,
        "support": 3.0
      },
      "burping": {
        "precision": 0.0,
        "recall": 0.0,
        "f1": 0.0,
        "support": 2.0
      },
      "discomfort": {
        "precision": 0.0,
        "recall": 0.0,
        "f1": 0.0,
        "support": 5.0
      },
      "tiredness": {
        "precision": 0.0,
        "recall": 0.0,
        "f1": 0.0,
        "support": 5.0
      }
    },
    "auc_roc": 0.6608731081222363
  },
  "Ensemble": {
    "accuracy": 0.8369565217391305,
    "macro_f1": 0.24870259481037923,
    "weighted_f1": 0.7798967282825653,
    "mcc": 0.15539563528332304,
    "kappa": 0.09626719056974453,
    "per_class": {
      "hunger": {
        "precision": 0.8444444444444444,
        "recall": 0.987012987012987,
        "f1": 0.9101796407185628,
        "support": 77.0
      },
      "belly_pain": {
        "precision": 0.0,
        "recall": 0.0,
        "f1": 0.0,
        "support": 3.0
      },
      "burping": {
        "precision": 0.0,
        "recall": 0.0,
        "f1": 0.0,
        "support": 2.0
      },
      "discomfort": {
        "precision": 1.0,
        "recall": 0.2,
        "f1": 0.3333333333333333,
        "support": 5.0
      },
      "tiredness": {
        "precision": 0.0,
        "recall": 0.0,
        "f1": 0.0,
        "support": 5.0
      }
    },
    "auc_roc": 0.5984764789646618
  }
}