{
  "accuracy": 0.950530035335689,
  "macro_f1": 0.9435080664386378,
  "weighted_f1": 0.9498847593107497,
  "mcc": 0.9371979397645683,
  "kappa": 0.9368182688014288,
  "per_class": {
    "hunger": {
      "precision": 0.9259259259259259,
      "recall": 0.9868421052631579,
      "f1": 0.9554140127388535,
      "support": 76.0
    },
    "belly_pain": {
      "precision": 0.9666666666666667,
      "recall": 1.0,
      "f1": 0.983050847457627,
      "support": 58.0
    },
    "burping": {
      "precision": 0.96,
      "recall": 0.8275862068965517,
      "f1": 0.888888888888889,
      "support": 29.0
    },
    "discomfort": {
      "precision": 0.9661016949152542,
      "recall": 0.95,
      "f1": 0.957983193277311,
      "support": 60.0
    },
    "tiredness": {
      "precision": 0.9482758620689655,
      "recall": 0.9166666666666666,
      "f1": 0.9322033898305084,
      "support": 60.0
    }
  },
  "auc_roc": 0.9935793626914826
}