{
  "accuracy": 0.7934782608695652,
  "macro_f1": 0.335042735042735,
  "weighted_f1": 0.7861389817911558,
  "per_class": {
    "hunger": {
      "precision": 0.8860759493670886,
      "recall": 0.9090909090909091,
      "f1": 0.8974358974358974,
      "support": 77.0
    },
    "belly_pain": {
      "precision": 0.3333333333333333,
      "recall": 0.3333333333333333,
      "f1": 0.3333333333333333,
      "support": 3.0
    },
    "burping": {
      "precision": 0.0,
      "recall": 0.0,
      "f1": 0.0,
      "support": 2.0
    },
    "discomfort": {
      "precision": 0.5,
      "recall": 0.4,
      "f1": 0.4444444444444445,
      "support": 5.0
    },
    "tiredness": {
      "precision": 0.0,
      "recall": 0.0,
      "f1": 0.0,
      "support": 5.0
    }
  }
}