{
  "accuracy": 0.6524822695035462,
  "macro_f1": 0.5895386794777038,
  "weighted_f1": 0.6649667842584294,
  "per_class": {
    "hunger": {
      "precision": 0.8208955223880597,
      "recall": 0.7142857142857143,
      "f1": 0.7638888888888888,
      "support": 77.0
    },
    "belly_pain": {
      "precision": 0.5882352941176471,
      "recall": 0.625,
      "f1": 0.6060606060606061,
      "support": 16.0
    },
    "burping": {
      "precision": 0.75,
      "recall": 0.75,
      "f1": 0.75,
      "support": 16.0
    },
    "discomfort": {
      "precision": 0.4375,
      "recall": 0.4375,
      "f1": 0.4375,
      "support": 16.0
    },
    "tiredness": {
      "precision": 0.32,
      "recall": 0.5,
      "f1": 0.39024390243902435,
      "support": 16.0
    }
  }
}