{
  "accuracy": 0.3475177304964539,
  "macro_f1": 0.3934530702272638,
  "weighted_f1": 0.35348820578745077,
  "per_class": {
    "hunger": {
      "precision": 0.875,
      "recall": 0.18181818181818182,
      "f1": 0.30107526881720426,
      "support": 77.0
    },
    "belly_pain": {
      "precision": 0.5333333333333333,
      "recall": 0.5,
      "f1": 0.5161290322580646,
      "support": 16.0
    },
    "burping": {
      "precision": 0.5,
      "recall": 0.625,
      "f1": 0.5555555555555556,
      "support": 16.0
    },
    "discomfort": {
      "precision": 0.3055555555555556,
      "recall": 0.6875,
      "f1": 0.42307692307692313,
      "support": 16.0
    },
    "tiredness": {
      "precision": 0.1111111111111111,
      "recall": 0.375,
      "f1": 0.17142857142857143,
      "support": 16.0
    }
  }
}