{
  "phase1_baseline": {
    "accuracy": 0.8152,
    "macro_f1": 0.2703,
    "weighted_f1": 0.7831,
    "mcc": 0.2156
  },
  "dl_models": {
    "CNN Baseline": {
      "accuracy": 0.6176470588235294,
      "macro_f1": 0.1895238095238095,
      "weighted_f1": 0.7103641456582633,
      "mcc": 0.08646517046901862,
      "kappa": 0.0670184696569921,
      "auc_roc": null,
      "per_class": {
        "hunger": {
          "precision": 0.9318181818181818,
          "recall": 0.6721311475409836,
          "f1": 0.780952380952381,
          "support": 61.0
        },
        "belly_pain": {
          "precision": 0.0,
          "recall": 0.0,
          "f1": 0.0,
          "support": 0.0
        },
        "burping": {
          "precision": 0.0,
          "recall": 0.0,
          "f1": 0.0,
          "support": 1.0
        },
        "discomfort": {
          "precision": 0.125,
          "recall": 0.25,
          "f1": 0.16666666666666666,
          "support": 4.0
        },
        "tiredness": {
          "precision": 0.0,
          "recall": 0.0,
          "f1": 0.0,
          "support": 2.0
        }
      }
    },
    "CNN+BiLSTM+Attn": {
      "accuracy": 0.39705882352941174,
      "macro_f1": 0.14542536115569824,
      "weighted_f1": 0.5262250967802852,
      "mcc": 0.04453039869274885,
      "kappa": 0.02687609075043651,
      "auc_roc": null,
      "per_class": {
        "hunger": {
          "precision": 0.9285714285714286,
          "recall": 0.4262295081967213,
          "f1": 0.5842696629213483,
          "support": 61.0
        },
        "belly_pain": {
          "precision": 0.0,
          "recall": 0.0,
          "f1": 0.0,
          "support": 0.0
        },
        "burping": {
          "precision": 0.07692307692307693,
          "recall": 1.0,
          "f1": 0.14285714285714285,
          "support": 1.0
        },
        "discomfort": {
          "precision": 0.0,
          "recall": 0.0,
          "f1": 0.0,
          "support": 4.0
        },
        "tiredness": {
          "precision": 0.0,
          "recall": 0.0,
          "f1": 0.0,
          "support": 2.0
        }
      }
    },
    "LDAM+DRW": {
      "accuracy": 0.7058823529411765,
      "macro_f1": 0.20573300573300574,
      "weighted_f1": 0.7703666233077998,
      "mcc": 0.12973780521943712,
      "kappa": 0.11285061969993482,
      "auc_roc": null,
      "per_class": {
        "hunger": {
          "precision": 0.94,
          "recall": 0.7704918032786885,
          "f1": 0.8468468468468469,
          "support": 61.0
        },
        "belly_pain": {
          "precision": 0.0,
          "recall": 0.0,
          "f1": 0.0,
          "support": 0.0
        },
        "burping": {
          "precision": 0.0,
          "recall": 0.0,
          "f1": 0.0,
          "support": 1.0
        },
        "discomfort": {
          "precision": 0.14285714285714285,
          "recall": 0.25,
          "f1": 0.18181818181818182,
          "support": 4.0
        },
        "tiredness": {
          "precision": 0.0,
          "recall": 0.0,
          "f1": 0.0,
          "support": 2.0
        }
      }
    },
    "Fusion+LDAM": {
      "accuracy": 0.5294117647058824,
      "macro_f1": 0.16528052805280527,
      "weighted_f1": 0.6295670743544942,
      "mcc": -0.027630191602916895,
      "kappa": -0.020159399906235276,
      "auc_roc": null,
      "per_class": {
        "hunger": {
          "precision": 0.875,
          "recall": 0.5737704918032787,
          "f1": 0.693069306930693,
          "support": 61.0
        },
        "belly_pain": {
          "precision": 0.0,
          "recall": 0.0,
          "f1": 0.0,
          "support": 0.0
        },
        "burping": {
          "precision": 0.0,
          "recall": 0.0,
          "f1": 0.0,
          "support": 1.0
        },
        "discomfort": {
          "precision": 0.09090909090909091,
          "recall": 0.25,
          "f1": 0.13333333333333333,
          "support": 4.0
        },
        "tiredness": {
          "precision": 0.0,
          "recall": 0.0,
          "f1": 0.0,
          "support": 2.0
        }
      }
    },
    "Fusion+cRT": {
      "accuracy": 0.6029411764705882,
      "macro_f1": 0.1817126269956459,
      "weighted_f1": 0.686075300947665,
      "mcc": 0.002065410471308001,
      "kappa": 0.0016313213703100793,
      "auc_roc": null,
      "per_class": {
        "hunger": {
          "precision": 0.8888888888888888,
          "recall": 0.6557377049180327,
          "f1": 0.7547169811320755,
          "support": 61.0
        },
        "belly_pain": {
          "precision": 0.0,
          "recall": 0.0,
          "f1": 0.0,
          "support": 0.0
        },
        "burping": {
          "precision": 0.0,
          "recall": 0.0,
          "f1": 0.0,
          "support": 1.0
        },
        "discomfort": {
          "precision": 0.1111111111111111,
          "recall": 0.25,
          "f1": 0.15384615384615385,
          "support": 4.0
        },
        "tiredness": {
          "precision": 0.0,
          "recall": 0.0,
          "f1": 0.0,
          "support": 2.0
        }
      }
    },
    "Hierarchical": {
      "accuracy": 0.5,
      "macro_f1": 0.13737373737373737,
      "weighted_f1": 0.6161616161616161,
      "mcc": -0.024478506661280507,
      "kappa": -0.017157941047074354,
      "auc_roc": null
    },
    "Teacher (200K)": {
      "accuracy": 0.6617647058823529,
      "macro_f1": 0.29333333333333333,
      "weighted_f1": 0.7274509803921569,
      "mcc": 0.03173173366317973,
      "kappa": 0.026757934038581066,
      "auc_roc": null,
      "per_class": {
        "hunger": {
          "precision": 0.8979591836734694,
          "recall": 0.7213114754098361,
          "f1": 0.8,
          "support": 61.0
        },
        "belly_pain": {
          "precision": 0.0,
          "recall": 0.0,
          "f1": 0.0,
          "support": 0.0
        },
        "burping": {
          "precision": 0.5,
          "recall": 1.0,
          "f1": 0.6666666666666666,
          "support": 1.0
        },
        "discomfort": {
          "precision": 0.0,
          "recall": 0.0,
          "f1": 0.0,
          "support": 4.0
        },
        "tiredness": {
          "precision": 0.0,
          "recall": 0.0,
          "f1": 0.0,
          "support": 2.0
        }
      }
    },
    "Distilled": {
      "accuracy": 0.5588235294117647,
      "macro_f1": 0.14476190476190476,
      "weighted_f1": 0.6492997198879552,
      "mcc": -0.08371384638085316,
      "kappa": -0.06360792492179357,
      "auc_roc": null,
      "per_class": {
        "hunger": {
          "precision": 0.8636363636363636,
          "recall": 0.6229508196721312,
          "f1": 0.7238095238095238,
          "support": 61.0
        },
        "belly_pain": {
          "precision": 0.0,
          "recall": 0.0,
          "f1": 0.0,
          "support": 0.0
        },
        "burping": {
          "precision": 0.0,
          "recall": 0.0,
          "f1": 0.0,
          "support": 1.0
        },
        "discomfort": {
          "precision": 0.0,
          "recall": 0.0,
          "f1": 0.0,
          "support": 4.0
        },
        "tiredness": {
          "precision": 0.0,
          "recall": 0.0,
          "f1": 0.0,
          "support": 2.0
        }
      }
    }
  },
  "hybrid_stacking": {
    "accuracy": 0.8088235294117647,
    "macro_f1": 0.4376482213438735,
    "weighted_f1": 0.8317484305975354,
    "mcc": 0.3386065116956578,
    "kappa": 0.31419705197827774,
    "auc_roc": null
  },
  "hybrid_weighted": {
    "accuracy": 0.9264705882352942,
    "macro_f1": 0.5068241469816273,
    "weighted_f1": 0.9048788019144666,
    "mcc": 0.520265981714472,
    "kappa": 0.42567567567567566,
    "auc_roc": null
  },
  "ablation": {
    "full_model": {
      "accuracy": 0.6029411764705882,
      "macro_f1": 0.1817126269956459,
      "weighted_f1": 0.686075300947665,
      "mcc": 0.002065410471308001,
      "kappa": 0.0016313213703100793,