{
  "accuracy": 0.39705882352941174,
  "macro_f1": 0.14542536115569824,
  "weighted_f1": 0.5262250967802852,
  "mcc": 0.04453039869274885,
  "kappa": 0.02687609075043651,
  "auc_roc": null,
  "per_class": {
    "hunger": {
      "precision": 0.9285714285714286,
      "recall": 0.4262295081967213,
      "f1": 0.5842696629213483,
      "support": 61.0
    },
    "belly_pain": {
      "precision": 0.0,
      "recall": 0.0,
      "f1": 0.0,
      "support": 0.0
    },
    "burping": {
      "precision": 0.07692307692307693,
      "recall": 1.0,
      "f1": 0.14285714285714285,
      "support": 1.0
    },
    "discomfort": {
      "precision": 0.0,
      "recall": 0.0,
      "f1": 0.0,
      "support": 4.0
    },
    "tiredness": {
      "precision": 0.0,
      "recall": 0.0,
      "f1": 0.0,
      "support": 2.0
    }
  }
}