{
  "accuracy": 0.5294117647058824,
  "macro_f1": 0.16528052805280527,
  "weighted_f1": 0.6295670743544942,
  "mcc": -0.027630191602916895,
  "kappa": -0.020159399906235276,
  "auc_roc": null,
  "per_class": {
    "hunger": {
      "precision": 0.875,
      "recall": 0.5737704918032787,
      "f1": 0.693069306930693,
      "support": 61.0
    },
    "belly_pain": {
      "precision": 0.0,
      "recall": 0.0,
      "f1": 0.0,
      "support": 0.0
    },
    "burping": {
      "precision": 0.0,
      "recall": 0.0,
      "f1": 0.0,
      "support": 1.0
    },
    "discomfort": {
      "precision": 0.09090909090909091,
      "recall": 0.25,
      "f1": 0.13333333333333333,
      "support": 4.0
    },
    "tiredness": {
      "precision": 0.0,
      "recall": 0.0,
      "f1": 0.0,
      "support": 2.0
    }
  }
}