{
  "accuracy": 0.8088235294117647,
  "macro_f1": 0.4376482213438735,
  "weighted_f1": 0.8317484305975354,
  "mcc": 0.3386065116956578,
  "kappa": 0.31419705197827774,
  "auc_roc": null
}