{
  "accuracy": 0.7058823529411765,
  "macro_f1": 0.20573300573300574,
  "weighted_f1": 0.7703666233077998,
  "mcc": 0.12973780521943712,
  "kappa": 0.11285061969993482,
  "auc_roc": null,
  "per_class": {
    "hunger": {
      "precision": 0.94,
      "recall": 0.7704918032786885,
      "f1": 0.8468468468468469,
      "support": 61.0
    },
    "belly_pain": {
      "precision": 0.0,
      "recall": 0.0,
      "f1": 0.0,
      "support": 0.0
    },
    "burping": {
      "precision": 0.0,
      "recall": 0.0,
      "f1": 0.0,
      "support": 1.0
    },
    "discomfort": {
      "precision": 0.14285714285714285,
      "recall": 0.25,
      "f1": 0.18181818181818182,
      "support": 4.0
    },
    "tiredness": {
      "precision": 0.0,
      "recall": 0.0,
      "f1": 0.0,
      "support": 2.0
    }
  }
}