{
  "accuracy": 0.5588235294117647,
  "macro_f1": 0.14615384615384613,
  "weighted_f1": 0.6555429864253393,
  "mcc": -0.045615483633261796,
  "kappa": -0.03395843892549433,
  "auc_roc": null,
  "per_class": {
    "hunger": {
      "precision": 0.8837209302325582,
      "recall": 0.6229508196721312,
      "f1": 0.7307692307692307,
      "support": 61.0
    },
    "belly_pain": {
      "precision": 0.0,
      "recall": 0.0,
      "f1": 0.0,
      "support": 0.0
    },
    "burping": {
      "precision": 0.0,
      "recall": 0.0,
      "f1": 0.0,
      "support": 1.0
    },
    "discomfort": {
      "precision": 0.0,
      "recall": 0.0,
      "f1": 0.0,
      "support": 4.0
    },
    "tiredness": {
      "precision": 0.0,
      "recall": 0.0,
      "f1": 0.0,
      "support": 2.0
    }
  }
}