{
  "accuracy": 0.6739130434782609,
  "macro_f1": 0.16209150326797386,
  "weighted_f1": 0.6783177038931515,
  "mcc": -0.07976661434863207,
  "kappa": -0.07938991005084084,
  "per_class": {
    "hunger": {
      "precision": 0.8157894736842105,
      "recall": 0.8051948051948052,
      "f1": 0.8104575163398693,
      "support": 77.0
    },
    "belly_pain": {
      "precision": 0.0,
      "recall": 0.0,
      "f1": 0.0,
      "support": 3.0
    },
    "burping": {
      "precision": 0.0,
      "recall": 0.0,
      "f1": 0.0,
      "support": 2.0
    },
    "discomfort": {
      "precision": 0.0,
      "recall": 0.0,
      "f1": 0.0,
      "support": 5.0
    },
    "tiredness": {
      "precision": 0.0,
      "recall": 0.0,
      "f1": 0.0,
      "support": 5.0
    }
  },
  "auc_roc": null
}