{
  "accuracy": 0.8152173913043478,
  "macro_f1": 0.2702553485162181,
  "weighted_f1": 0.7831337954211302,
  "mcc": 0.21555944033000937,
  "kappa": 0.20326031584309734,
  "per_class": {
    "hunger": {
      "precision": 0.8690476190476191,
      "recall": 0.948051948051948,
      "f1": 0.906832298136646,
      "support": 77.0
    },
    "belly_pain": {
      "precision": 0.0,
      "recall": 0.0,
      "f1": 0.0,
      "support": 3.0
    },
    "burping": {
      "precision": 0.0,
      "recall": 0.0,
      "f1": 0.0,
      "support": 2.0
    },
    "discomfort": {
      "precision": 0.5,
      "recall": 0.4,
      "f1": 0.4444444444444444,
      "support": 5.0
    },
    "tiredness": {
      "precision": 0.0,
      "recall": 0.0,
      "f1": 0.0,
      "support": 5.0
    }
  },
  "auc_roc": 0.707363148281397
}