{
  "accuracy": 0.8043478260869565,
  "macro_f1": 0.1783132530120482,
  "weighted_f1": 0.7462022001047669,
  "mcc": -0.04509080331981433,
  "kappa": -0.032418952618453956,
  "per_class": {
    "hunger": {
      "precision": 0.8314606741573034,
      "recall": 0.961038961038961,
      "f1": 0.891566265060241,
      "support": 77.0
    },
    "belly_pain": {
      "precision": 0.0,
      "recall": 0.0,
      "f1": 0.0,
      "support": 3.0
    },
    "burping": {
      "precision": 0.0,
      "recall": 0.0,
      "f1": 0.0,
      "support": 2.0
    },
    "discomfort": {
      "precision": 0.0,
      "recall": 0.0,
      "f1": 0.0,
      "support": 5.0
    },
    "tiredness": {
      "precision": 0.0,
      "recall": 0.0,
      "f1": 0.0,
      "support": 5.0
    }
  },
  "auc_roc": 0.6608731081222363
}