{
  "accuracy": 0.6219081272084805,
  "macro_f1": 0.5474067482387838,
  "weighted_f1": 0.5986172831742114,
  "mcc": 0.5191888427409854,
  "kappa": 0.5064302130364623,
  "per_class": {
    "hunger": {
      "precision": 0.5462184873949579,
      "recall": 0.8552631578947368,
      "f1": 0.6666666666666666,
      "support": 76.0
    },
    "belly_pain": {
      "precision": 0.8809523809523809,
      "recall": 0.6379310344827587,
      "f1": 0.7400000000000001,
      "support": 58.0
    },
    "burping": {
      "precision": 1.0,
      "recall": 0.06896551724137931,
      "f1": 0.12903225806451613,
      "support": 29.0
    },
    "discomfort": {
      "precision": 0.6428571428571429,
      "recall": 0.6,
      "f1": 0.6206896551724138,
      "support": 60.0
    },
    "tiredness": {
      "precision": 0.5625,
      "recall": 0.6,
      "f1": 0.5806451612903225,
      "support": 60.0
    }
  },
  "auc_roc": 0.8010794511518771
}