{
  "accuracy": 0.26855123674911663,
  "macro_f1": 0.08467966573816156,
  "weighted_f1": 0.11370414480742541,
  "mcc": 0.0,
  "kappa": 0.0,
  "per_class": {
    "hunger": {
      "precision": 0.26855123674911663,
      "recall": 1.0,
      "f1": 0.4233983286908078,
      "support": 76.0
    },
    "belly_pain": {
      "precision": 0.0,
      "recall": 0.0,
      "f1": 0.0,
      "support": 58.0
    },
    "burping": {
      "precision": 0.0,
      "recall": 0.0,
      "f1": 0.0,
      "support": 29.0
    },
    "discomfort": {
      "precision": 0.0,
      "recall": 0.0,
      "f1": 0.0,
      "support": 60.0
    },
    "tiredness": {
      "precision": 0.0,
      "recall": 0.0,
      "f1": 0.0,
      "support": 60.0
    }
  },
  "auc_roc": null
}