{
  "accuracy": 0.9293286219081273,
  "macro_f1": 0.929311551083703,
  "weighted_f1": 0.9294290385223873,
  "mcc": 0.9101717280622991,
  "kappa": 0.9097144680172277,
  "per_class": {
    "hunger": {
      "precision": 0.8902439024390244,
      "recall": 0.9605263157894737,
      "f1": 0.9240506329113923,
      "support": 76.0
    },
    "belly_pain": {
      "precision": 0.9152542372881356,
      "recall": 0.9310344827586207,
      "f1": 0.923076923076923,
      "support": 58.0
    },
    "burping": {
      "precision": 1.0,
      "recall": 0.8620689655172413,
      "f1": 0.9259259259259259,
      "support": 29.0
    },
    "discomfort": {
      "precision": 0.9333333333333333,
      "recall": 0.9333333333333333,
      "f1": 0.9333333333333333,
      "support": 60.0
    },
    "tiredness": {
      "precision": 0.9649122807017544,
      "recall": 0.9166666666666666,
      "f1": 0.9401709401709402,
      "support": 60.0
    }
  },
  "auc_roc": 0.9869954530737186
}