{
  "accuracy": 0.9257950530035336,
  "macro_f1": 0.9210279362581154,
  "weighted_f1": 0.925098766831029,
  "mcc": 0.9060499060878916,
  "kappa": 0.9050638977635783,
  "per_class": {
    "hunger": {
      "precision": 0.8809523809523809,
      "recall": 0.9736842105263158,
      "f1": 0.925,
      "support": 76.0
    },
    "belly_pain": {
      "precision": 0.9180327868852459,
      "recall": 0.9655172413793104,
      "f1": 0.9411764705882353,
      "support": 58.0
    },
    "burping": {
      "precision": 1.0,
      "recall": 0.7931034482758621,
      "f1": 0.8846153846153846,
      "support": 29.0
    },
    "discomfort": {
      "precision": 0.95,
      "recall": 0.95,
      "f1": 0.9500000000000001,
      "support": 60.0
    },
    "tiredness": {
      "precision": 0.9454545454545454,
      "recall": 0.8666666666666667,
      "f1": 0.9043478260869566,
      "support": 60.0
    }
  },
  "auc_roc": 0.989268588110496
}