{
  "accuracy": 0.9646643109540636,
  "macro_f1": 0.9654380618928882,
  "weighted_f1": 0.9647402510514138,
  "mcc": 0.9552769209997295,
  "kappa": 0.9549563888712039,
  "per_class": {
    "hunger": {
      "precision": 0.9259259259259259,
      "recall": 0.9868421052631579,
      "f1": 0.9554140127388535,
      "support": 76.0
    },
    "belly_pain": {
      "precision": 0.9827586206896551,
      "recall": 0.9827586206896551,
      "f1": 0.9827586206896551,
      "support": 58.0
    },
    "burping": {
      "precision": 0.9655172413793104,
      "recall": 0.9655172413793104,
      "f1": 0.9655172413793104,
      "support": 29.0
    },
    "discomfort": {
      "precision": 0.9661016949152542,
      "recall": 0.95,
      "f1": 0.957983193277311,
      "support": 60.0
    },
    "tiredness": {
      "precision": 1.0,
      "recall": 0.9333333333333333,
      "f1": 0.9655172413793104,
      "support": 60.0
    }
  },
  "auc_roc": 0.9919901007931811
}