{
  "GMM": {
    "accuracy": 0.6219081272084805,
    "macro_f1": 0.5474067482387838,
    "weighted_f1": 0.5986172831742114,
    "mcc": 0.5191888427409854,
    "kappa": 0.5064302130364623,
    "per_class": {
      "hunger": {
        "precision": 0.5462184873949579,
        "recall": 0.8552631578947368,
        "f1": 0.6666666666666666,
        "support": 76.0
      },
      "belly_pain": {
        "precision": 0.8809523809523809,
        "recall": 0.6379310344827587,
        "f1": 0.7400000000000001,
        "support": 58.0
      },
      "burping": {
        "precision": 1.0,
        "recall": 0.06896551724137931,
        "f1": 0.12903225806451613,
        "support": 29.0
      },
      "discomfort": {
        "precision": 0.6428571428571429,
        "recall": 0.6,
        "f1": 0.6206896551724138,
        "support": 60.0
      },
      "tiredness": {
        "precision": 0.5625,
        "recall": 0.6,
        "f1": 0.5806451612903225,
        "support": 60.0
      }
    },
    "auc_roc": 0.8010794511518771
  },
  "SVM": {
    "accuracy": 0.9257950530035336,
    "macro_f1": 0.9210279362581154,
    "weighted_f1": 0.925098766831029,
    "mcc": 0.9060499060878916,
    "kappa": 0.9050638977635783,
    "per_class": {
      "hunger": {
        "precision": 0.8809523809523809,
        "recall": 0.9736842105263158,
        "f1": 0.925,
        "support": 76.0
      },
      "belly_pain": {
        "precision": 0.9180327868852459,
        "recall": 0.9655172413793104,
        "f1": 0.9411764705882353,
        "support": 58.0
      },
      "burping": {
        "precision": 1.0,
        "recall": 0.7931034482758621,
        "f1": 0.8846153846153846,
        "support": 29.0
      },
      "discomfort": {
        "precision": 0.95,
        "recall": 0.95,
        "f1": 0.9500000000000001,
        "support": 60.0
      },
      "tiredness": {
        "precision": 0.9454545454545454,
        "recall": 0.8666666666666667,
        "f1": 0.9043478260869566,
        "support": 60.0
      }
    },
    "auc_roc": 0.989268588110496
  },
  "RF": {
    "accuracy": 0.9293286219081273,
    "macro_f1": 0.929311551083703,
    "weighted_f1": 0.9294290385223873,
    "mcc": 0.9101717280622991,
    "kappa": 0.9097144680172277,
    "per_class": {
      "hunger": {
        "precision": 0.8902439024390244,
        "recall": 0.9605263157894737,
        "f1": 0.9240506329113923,
        "support": 76.0
      },
      "belly_pain": {
        "precision": 0.9152542372881356,
        "recall": 0.9310344827586207,
        "f1": 0.923076923076923,
        "support": 58.0
      },
      "burping": {
        "precision": 1.0,
        "recall": 0.8620689655172413,
        "f1": 0.9259259259259259,
        "support": 29.0
      },
      "discomfort": {
        "precision": 0.9333333333333333,
        "recall": 0.9333333333333333,
        "f1": 0.9333333333333333,
        "support": 60.0
      },
      "tiredness": {
        "precision": 0.9649122807017544,
        "recall": 0.9166666666666666,
        "f1": 0.9401709401709402,
        "support": 60.0
      }
    },
    "auc_roc": 0.9869954530737186
  },
  "XGBoost": {
    "accuracy": 0.9646643109540636,
    "macro_f1": 0.9654380618928882,
    "weighted_f1": 0.9647402510514138,
    "mcc": 0.9552769209997295,
    "kappa": 0.9549563888712039,
    "per_class": {
      "hunger": {
        "precision": 0.9259259259259259,
        "recall": 0.9868421052631579,
        "f1": 0.9554140127388535,
        "support": 76.0
      },
      "belly_pain": {
        "precision": 0.9827586206896551,
        "recall": 0.9827586206896551,
        "f1": 0.9827586206896551,
        "support": 58.0
      },
      "burping": {
        "precision": 0.9655172413793104,
        "recall": 0.9655172413793104,
        "f1": 0.9655172413793104,
        "support": 29.0
      },
      "discomfort": {
        "precision": 0.9661016949152542,
        "recall": 0.95,
        "f1": 0.957983193277311,
        "support": 60.0
      },
      "tiredness": {
        "precision": 1.0,
        "recall": 0.9333333333333333,
        "f1": 0.9655172413793104,
        "support": 60.0
      }
    },
    "auc_roc": 0.9919901007931811
  },
  "Ensemble": {
    "accuracy": 0.950530035335689,
    "macro_f1": 0.9435080664386378,
    "weighted_f1": 0.9498847593107497,
    "mcc": 0.9371979397645683,
    "kappa": 0.9368182688014288,
    "per_class": {
      "hunger": {
        "precision": 0.9259259259259259,
        "recall": 0.9868421052631579,
        "f1": 0.9554140127388535,
        "support": 76.0
      },
      "belly_pain": {
        "precision": 0.9666666666666667,
        "recall": 1.0,
        "f1": 0.983050847457627,
        "support": 58.0
      },
      "burping": {
        "precision": 0.96,
        "recall": 0.8275862068965517,
        "f1": 0.888888888888889,
        "support": 29.0
      },
      "discomfort": {
        "precision": 0.9661016949152542,
        "recall": 0.95,
        "f1": 0.957983193277311,
        "support": 60.0
      },
      "tiredness": {
        "precision": 0.9482758620689655,
        "recall": 0.9166666666666666,
        "f1": 0.9322033898305084,
        "support": 60.0
      }
    },
    "auc_roc": 0.9935793626914826
  }
}