{
  "accuracy": 0.6911764705882353,
  "macro_f1": 0.16347826086956524,
  "weighted_f1": 0.7332480818414322,
  "mcc": -0.09995877550590279,
  "kappa": -0.09174311926605516,
  "auc_roc": null,
  "per_class": {
    "hunger": {
      "precision": 0.8703703703703703,
      "recall": 0.7704918032786885,
      "f1": 0.8173913043478261,
      "support": 61.0
    },
    "belly_pain": {
      "precision": 0.0,
      "recall": 0.0,
      "f1": 0.0,
      "support": 0.0
    },
    "burping": {
      "precision": 0.0,
      "recall": 0.0,
      "f1": 0.0,
      "support": 1.0
    },
    "discomfort": {
      "precision": 0.0,
      "recall": 0.0,
      "f1": 0.0,
      "support": 4.0
    },
    "tiredness": {
      "precision": 0.0,
      "recall": 0.0,
      "f1": 0.0,
      "support": 2.0
    }
  }
}