{
  "accuracy": 0.5588235294117647,
  "macro_f1": 0.14476190476190476,
  "weighted_f1": 0.6492997198879552,
  "mcc": -0.08371384638085316,
  "kappa": -0.06360792492179357,
  "auc_roc": null,
  "per_class": {
    "hunger": {
      "precision": 0.8636363636363636,
      "recall": 0.6229508196721312,
      "f1": 0.7238095238095238,
      "support": 61.0
    },
    "belly_pain": {
      "precision": 0.0,
      "recall": 0.0,
      "f1": 0.0,
      "support": 0.0
    },
    "burping": {
      "precision": 0.0,
      "recall": 0.0,
      "f1": 0.0,
      "support": 1.0
    },
    "discomfort": {
      "precision": 0.0,
      "recall": 0.0,
      "f1": 0.0,
      "support": 4.0
    },
    "tiredness": {
      "precision": 0.0,
      "recall": 0.0,
      "f1": 0.0,
      "support": 2.0
    }
  }
}