{
  "accuracy": 0.5,
  "macro_f1": 0.13737373737373737,
  "weighted_f1": 0.6161616161616161,
  "mcc": -0.024478506661280507,
  "kappa": -0.017157941047074354,
  "auc_roc": null
}