{
  "accuracy": 0.9264705882352942,
  "macro_f1": 0.5068241469816273,
  "weighted_f1": 0.9048788019144666,
  "mcc": 0.520265981714472,
  "kappa": 0.42567567567567566,
  "auc_roc": null
}