{
  "accuracy": 0.8529411764705882,
  "macro_f1": 0.1841269841269841,
  "weighted_f1": 0.8258636788048552,
  "mcc": -0.03580574370197164,
  "kappa": -0.03186646433990892,
  "auc_roc": null,
  "per_class": {
    "hunger": {
      "precision": 0.8923076923076924,
      "recall": 0.9508196721311475,
      "f1": 0.9206349206349206,
      "support": 61.0
    },
    "belly_pain": {
      "precision": 0.0,
      "recall": 0.0,
      "f1": 0.0,
      "support": 0.0
    },
    "burping": {
      "precision": 0.0,
      "recall": 0.0,
      "f1": 0.0,
      "support": 1.0
    },
    "discomfort": {
      "precision": 0.0,
      "recall": 0.0,
      "f1": 0.0,
      "support": 4.0
    },
    "tiredness": {
      "precision": 0.0,
      "recall": 0.0,
      "f1": 0.0,
      "support": 2.0
    }
  }
}