{
  "accuracy": 0.5294117647058824,
  "macro_f1": 0.29270015698587126,
  "weighted_f1": 0.6482408347954566,
  "mcc": 0.08712663514063555,
  "kappa": 0.05760069294066683,
  "auc_roc": null,
  "per_class": {
    "hunger": {
      "precision": 0.918918918918919,
      "recall": 0.5573770491803278,
      "f1": 0.6938775510204082,
      "support": 61.0
    },
    "belly_pain": {
      "precision": 0.0,
      "recall": 0.0,
      "f1": 0.0,
      "support": 0.0
    },
    "burping": {
      "precision": 0.0,
      "recall": 0.0,
      "f1": 0.0,
      "support": 1.0
    },
    "discomfort": {
      "precision": 1.0,
      "recall": 0.25,
      "f1": 0.4,
      "support": 4.0
    },
    "tiredness": {
      "precision": 0.041666666666666664,
      "recall": 0.5,
      "f1": 0.07692307692307693,
      "support": 2.0
    }
  }
}