{
  "accuracy": 0.6617647058823529,
  "macro_f1": 0.29333333333333333,
  "weighted_f1": 0.7274509803921569,
  "mcc": 0.03173173366317973,
  "kappa": 0.026757934038581066,
  "auc_roc": null,
  "per_class": {
    "hunger": {
      "precision": 0.8979591836734694,
      "recall": 0.7213114754098361,
      "f1": 0.8,
      "support": 61.0
    },
    "belly_pain": {
      "precision": 0.0,
      "recall": 0.0,
      "f1": 0.0,
      "support": 0.0
    },
    "burping": {
      "precision": 0.5,
      "recall": 1.0,
      "f1": 0.6666666666666666,
      "support": 1.0
    },
    "discomfort": {
      "precision": 0.0,
      "recall": 0.0,
      "f1": 0.0,
      "support": 4.0
    },
    "tiredness": {
      "precision": 0.0,
      "recall": 0.0,
      "f1": 0.0,
      "support": 2.0
    }
  }
}