{
  "accuracy": 0.8043478260869565,
  "macro_f1": 0.17939393939393938,
  "weighted_f1": 0.7507246376811594,
  "mcc": 0.012796039801923915,
  "kappa": 0.010161386730424438,
  "per_class": {
    "hunger": {
      "precision": 0.8409090909090909,
      "recall": 0.961038961038961,
      "f1": 0.896969696969697,
      "support": 77.0
    },
    "belly_pain": {
      "precision": 0.0,
      "recall": 0.0,
      "f1": 0.0,
      "support": 3.0
    },
    "burping": {
      "precision": 0.0,
      "recall": 0.0,
      "f1": 0.0,
      "support": 2.0
    },
    "discomfort": {
      "precision": 0.0,
      "recall": 0.0,
      "f1": 0.0,
      "support": 5.0
    },
    "tiredness": {
      "precision": 0.0,
      "recall": 0.0,
      "f1": 0.0,
      "support": 5.0
    }
  },
  "auc_roc": 0.6314892099161762
}